county,fips,totalpop
Autauga,1,55200
Baldwin,1,208107
Barbour,1,25782
Bibb,1,22527
Blount,1,57645
Bullock,1,10352
Butler,1,20025
Calhoun,1,115098
Chambers,1,33826
Cherokee,1,25853
Chilton,1,43930
Choctaw,1,13075
Clarke,1,24387
Clay,1,13378
Cleburne,1,14938
Coffee,1,51288
Colbert,1,54495
Conecuh,1,12514
Coosa,1,10855
Covington,1,37351
Crenshaw,1,13865
Cullman,1,82313
Dale,1,49255
Dallas,1,40029
DeKalb,1,71200
Elmore,1,81212
Escambia,1,37328
Etowah,1,102939
Fayette,1,16585
Franklin,1,31542
Geneva,1,26491
Greene,1,8426
Hale,1,14887
Henry,1,17124
Houston,1,104352
Jackson,1,52094
Jefferson,1,659892
Lamar,1,13933
Lauderdale,1,92585
Lawrence,1,33171
Lee,1,159287
Limestone,1,93052
Lowndes,1,10236
Macon,1,19054
Madison,1,357560
Marengo,1,19538
Marion,1,29965
Marshall,1,95145
Mobile,1,414659
Monroe,1,21512
Montgomery,1,226941
Morgan,1,119122
Perry,1,9486
Pickens,1,20298
Pike,1,33403
Randolph,1,22574
Russell,1,58213
St. Clair,1,87306
Shelby,1,211261
Sumter,1,12985
Talladega,1,80565
Tallapoosa,1,40636
Tuscaloosa,1,206213
Walker,1,64493
Washington,1,16643
Wilcox,1,10809
Winston,1,23875
Aleutians East Borough,2,3425
Aleutians West Census Area,2,5750
Anchorage Municipality,2,296112
Bethel Census Area,2,18040
Bristol Bay Borough,2,890
Denali Borough,2,2232
Dillingham Census Area,2,4975
Fairbanks North Star Borough,2,99653
Haines Borough,2,2518
Hoonah-Angoon Census Area,2,2132
Juneau City and Borough,2,32330
Kenai Peninsula Borough,2,58220
Ketchikan Gateway Borough,2,13804
Kodiak Island Borough,2,13649
Kusilvak Census Area,2,8198
Lake and Peninsula Borough,2,1375
Matanuska-Susitna Borough,2,103464
Nome Census Area,2,9925
North Slope Borough,2,9797
Northwest Arctic Borough,2,7734
Petersburg Borough,2,3255
Prince of Wales-Hyder Census Area,2,6474
Sitka City and Borough,2,8738
Skagway Municipality,2,1061
Southeast Fairbanks Census Area,2,6876
Valdez-Cordova Census Area,2,9301
Wrangell City and Borough,2,2484
Yakutat City and Borough,2,689
Yukon-Koyukuk Census Area,2,5415
Apache,4,71522
Cochise,4,126279
Coconino,4,140217
Gila,4,53400
Graham,4,37879
Greenlee,4,9504
La Paz,4,20701
Maricopa,4,4253913
Mohave,4,206064
Navajo,4,108705
Pima,4,1019722
Pinal,4,419721
Santa Cruz,4,46584
Yavapai,4,224645
Yuma,4,207829
Arkansas,5,18124
Ashley,5,20537
Baxter,5,41219
Benton,5,258980
Boone,5,37288
Bradley,5,10948
Calhoun,5,5202
Carroll,5,27887
Chicot,5,10826
Clark,5,22385
Clay,5,15061
Cleburne,5,25230
Cleveland,5,8226
Columbia,5,23892
Conway,5,20906
Craighead,5,105701
Crawford,5,62472
Crittenden,5,49013
Cross,5,16998
Dallas,5,7432
Desha,5,11887
Drew,5,18502
Faulkner,5,122416
Franklin,5,17780
Fulton,5,12139
Garland,5,98296
Grant,5,18086
Greene,5,44623
Hempstead,5,22018
Hot Spring,5,33520
Howard,5,13389
Independence,5,37264
Izard,5,13559
Jackson,5,17225
Jefferson,5,70424
Johnson,5,26291
Lafayette,5,6915
Lawrence,5,16669
Lee,5,9398
Lincoln,5,13695
Little River,5,12417
Logan,5,21757
Lonoke,5,72206
Madison,5,16076
Marion,5,16438
Miller,5,43759
Mississippi,5,42831
Monroe,5,7249
Montgomery,5,8993
Nevada,5,8440
Newton,5,7848
Ouachita,5,24106
Perry,5,10322
Phillips,5,19034
Pike,5,10808
Poinsett,5,24054
Polk,5,20163
Pope,5,63644
Prairie,5,8244
Pulaski,5,393463
Randolph,5,17603
St. Francis,5,26294
Saline,5,118009
Scott,5,10442
Searcy,5,7923
Sebastian,5,127461
Sevier,5,17193
Sharp,5,17043
Stone,5,12446
Union,5,39732
Van Buren,5,16684
Washington,5,228529
White,5,78804
Woodruff,5,6660
Yell,5,21573
Alameda,6,1643700
Alpine,6,1146
Amador,6,37829
Butte,6,227075
Calaveras,6,45235
Colusa,6,21464
Contra Costa,6,1133247
Del Norte,6,27424
El Dorado,6,186661
Fresno,6,978130
Glenn,6,27897
Humboldt,6,135768
Imperial,6,180216
Inyo,6,18085
Kern,6,883053
Kings,6,150075
Lake,6,64148
Lassen,6,31185
Los Angeles,6,10098052
Madera,6,155013
Marin,6,260295
Mariposa,6,17540
Mendocino,6,87422
Merced,6,269075
Modoc,6,8938
Mono,6,14174
Monterey,6,433212
Napa,6,140530
Nevada,6,99092
Orange,6,3164182
Placer,6,380077
Plumas,6,18699
Riverside,6,2383286
Sacramento,6,1510023
San Benito,6,59416
San Bernardino,6,2135413
San Diego,6,3302833
San Francisco,6,870044
San Joaquin,6,732212
San Luis Obispo,6,281455
San Mateo,6,765935
Santa Barbara,6,443738
Santa Clara,6,1922200
Santa Cruz,6,273765
Shasta,6,179085
Sierra,6,2930
Siskiyou,6,43540
Solano,6,438530
Sonoma,6,501317
Stanislaus,6,539301
Sutter,6,95872
Tehama,6,63373
Trinity,6,12862
Tulare,6,460477
Tuolumne,6,53932
Ventura,6,848112
Yolo,6,214977
Yuba,6,75493
Adams,8,497115
Alamosa,8,16444
Arapahoe,8,636671
Archuleta,8,12908
Baca,8,3563
Bent,8,5809
Boulder,8,321030
Broomfield,8,66120
Chaffee,8,19164
Cheyenne,8,2039
Clear Creek,8,9379
Conejos,8,8142
Costilla,8,3687
Crowley,8,5630
Custer,8,4640
Delta,8,30346
Denver,8,693417
Dolores,8,1841
Douglas,8,328614
Eagle,8,54357
Elbert,8,25162
El Paso,8,688153
Fremont,8,47002
Garfield,8,58538
Gilpin,8,5924
Grand,8,15066
Gunnison,8,16537
Hinsdale,8,878
Huerfano,8,6583
Jackson,8,1296
Jefferson,8,570427
Kiowa,8,1449
Kit Carson,8,7635
Lake,8,7585
La Plata,8,55101
Larimer,8,338161
Las Animas,8,14179
Lincoln,8,5548
Logan,8,21689
Mesa,8,149998
Mineral,8,823
Moffat,8,13060
Montezuma,8,25909
Montrose,8,41268
Morgan,8,28257
Otero,8,18325
Ouray,8,4722
Park,8,17392
Phillips,8,4318
Pitkin,8,17909
Prowers,8,12052
Pueblo,8,164685
Rio Blanco,8,6465
Rio Grande,8,11351
Routt,8,24874
Saguache,8,6468
San Juan,8,544
San Miguel,8,7968
Sedgwick,8,2350
Summit,8,30429
Teller,8,24113
Washington,8,4840
Weld,8,295123
Yuma,8,10069
Fairfield,9,944348
Hartford,9,894730
Litchfield,9,183031
Middlesex,9,163368
New Haven,9,859339
New London,9,268881
Tolland,9,151269
Windham,9,116538
Kent,10,174822
New Castle,10,555133
Sussex,10,219540
District of Columbia,11,684498
Alachua,12,263148
Baker,12,27785
Bay,12,182482
Bradford,12,26979
Brevard,12,576808
Broward,12,1909151
Calhoun,12,14444
Charlotte,12,176954
Citrus,12,143087
Clay,12,207291
Collier,12,363922
Columbia,12,69105
DeSoto,12,36399
Dixie,12,16437
Duval,12,924229
Escambia,12,311522
Flagler,12,107139
Franklin,12,11736
Gadsden,12,46017
Gilchrist,12,17615
Glades,12,13363
Gulf,12,16055
Hamilton,12,14269
Hardee,12,27228
Hendry,12,40127
Hernando,12,182696
Highlands,12,102101
Hillsborough,12,1378883
Holmes,12,19430
Indian River,12,150984
Jackson,12,48472
Jefferson,12,14105
Lafayette,12,8744
Lake,12,335362
Lee,12,718679
Leon,12,288102
Levy,12,39961
Liberty,12,8365
Madison,12,18474
Manatee,12,373853
Marion,12,348371
Martin,12,157581
Miami-Dade,12,2715516
Monroe,12,76325
Nassau,12,80578
Okaloosa,12,200737
Okeechobee,12,40572
Orange,12,1321194
Osceola,12,338619
Palm Beach,12,1446277
Pasco,12,510593
Pinellas,12,957875
Polk,12,668671
Putnam,12,72766
St. Johns,12,235503
St. Lucie,12,305591
Santa Rosa,12,170442
Sarasota,12,412144
Seminole,12,455086
Sumter,12,120999
Suwannee,12,43924
Taylor,12,22098
Union,12,15239
Volusia,12,527634
Wakulla,12,31877
Walton,12,65858
Washington,12,24566
Appling,13,18454
Atkinson,13,8265
Bacon,13,11228
Baker,13,3189
Baldwin,13,45286
Banks,13,18510
Barrow,13,76887
Bartow,13,103620
Ben Hill,13,17154
Berrien,13,19025
Bibb,13,153490
Bleckley,13,12775
Brantley,13,18561
Brooks,13,15622
Bryan,13,35885
Bulloch,13,74782
Burke,13,22550
Butts,13,23750
Calhoun,13,6428
Camden,13,52714
Candler,13,10827
Carroll,13,116022
Catoosa,13,66299
Charlton,13,12983
Chatham,13,287049
Chattahoochee,13,10767
Chattooga,13,24817
Cherokee,13,241910
Clarke,13,124602
Clay,13,3001
Clayton,13,278666
Clinch,13,6743
Cobb,13,745057
Coffee,13,42961
Colquitt,13,45606
Columbia,13,147295
Cook,13,17184
Coweta,13,140516
Crawford,13,12344
Crisp,13,22846
Dade,13,16227
Dawson,13,23861
Decatur,13,26833
DeKalb,13,743187
Dodge,13,20919
Dooly,13,13905
Dougherty,13,91049
Douglas,13,141840
Early,13,10348
Echols,13,3994
Effingham,13,58689
Elbert,13,19212
Emanuel,13,22499
Evans,13,10727
Fannin,13,24925
Fayette,13,111369
Floyd,13,96824
Forsyth,13,219880
Franklin,13,22514
Fulton,13,1021902
Gilmer,13,29922
Glascock,13,3009
Glynn,13,83974
Gordon,13,56790
Grady,13,24926
Greene,13,16976
Gwinnett,13,902298
Habersham,13,44289
Hall,13,195961
Hancock,13,8535
Haralson,13,28956
Harris,13,33590
Hart,13,25631
Heard,13,11677
Henry,13,221307
Houston,13,151682
Irwin,13,9268
Jackson,13,65755
Jasper,13,13784
Jeff Davis,13,14991
Jefferson,13,15772
Jenkins,13,8827
Johnson,13,9730
Jones,13,28548
Lamar,13,18513
Lanier,13,10366
Laurens,13,47418
Lee,13,29348
Liberty,13,62108
Lincoln,13,7799
Long,13,18156
Lowndes,13,114582
Lumpkin,13,31951
McDuffie,13,21498
McIntosh,13,14120
Macon,13,13480
Madison,13,28900
Marion,13,8484
Meriwether,13,21113
Miller,13,5836
Mitchell,13,22432
Monroe,13,27010
Montgomery,13,9036
Morgan,13,18235
Murray,13,39557
Muscogee,13,196670
Newton,13,106497
Oconee,13,37017
Oglethorpe,13,14784
Paulding,13,155840
Peach,13,26966
Pickens,13,30832
Pierce,13,19164
Pike,13,18082
Polk,13,41621
Pulaski,13,11295
Putnam,13,21503
Quitman,13,2276
Rabun,13,16457
Randolph,13,7087
Richmond,13,201463
Rockdale,13,89011
Schley,13,5211
Screven,13,13990
Seminole,13,8437
Spalding,13,64719
Stephens,13,25676
Stewart,13,6042
Sumter,13,30352
Talbot,13,6378
Taliaferro,13,1665
Tattnall,13,25353
Taylor,13,8193
Telfair,13,16115
Terrell,13,8859
Thomas,13,44730
Tift,13,40510
Toombs,13,27048
Towns,13,11417
Treutlen,13,6777
Troup,13,69774
Turner,13,7962
Twiggs,13,8284
Union,13,22775
Upson,13,26216
Walker,13,68824
Walton,13,90132
Ware,13,35599
Warren,13,5346
Washington,13,20461
Wayne,13,29767
Webster,13,2613
Wheeler,13,7939
White,13,28928
Whitfield,13,103849
Wilcox,13,8846
Wilkes,13,9884
Wilkinson,13,9078
Worth,13,20656
Hawaii,15,197658
Honolulu,15,987638
Kalawao,15,75
Kauai,15,71377
Maui,15,165281
Ada,16,446052
Adams,16,4019
Bannock,16,85065
Bear Lake,16,5962
Benewah,16,9086
Bingham,16,45551
Blaine,16,21994
Boise,16,7163
Bonner,16,42711
Bonneville,16,112397
Boundary,16,11549
Butte,16,2602
Camas,16,886
Canyon,16,212230
Caribou,16,6918
Cassia,16,23615
Clark,16,1077
Clearwater,16,8640
Custer,16,4141
Elmore,16,26433
Franklin,16,13279
Fremont,16,12965
Gem,16,17052
Gooding,16,15169
Idaho,16,16337
Jefferson,16,27969
Jerome,16,23431
Kootenai,16,153605
Latah,16,39239
Lemhi,16,7798
Lewis,16,3845
Lincoln,16,5321
Madison,16,38705
Minidoka,16,20615
Nez Perce,16,40155
Oneida,16,4326
Owyhee,16,11455
Payette,16,23041
Power,16,7713
Shoshone,16,12526
Teton,16,11080
Twin Falls,16,83666
Valley,16,10401
Washington,16,10025
Adams,17,66427
Alexander,17,6532
Bond,17,16712
Boone,17,53606
Brown,17,6675
Bureau,17,33381
Calhoun,17,4858
Carroll,17,14562
Cass,17,12665
Champaign,17,209448
Christian,17,33231
Clark,17,15836
Clay,17,13338
Clinton,17,37628
Coles,17,51736
Cook,17,5223719
Crawford,17,19088
Cumberland,17,10865
DeKalb,17,104200
De Witt,17,16042
Douglas,17,19714
DuPage,17,931743
Edgar,17,17539
Edwards,17,6507
Effingham,17,34174
Fayette,17,21724
Ford,17,13398
Franklin,17,39127
Fulton,17,35418
Gallatin,17,5157
Greene,17,13218
Grundy,17,50509
Hamilton,17,8221
Hancock,17,18112
Hardin,17,4009
Henderson,17,6884
Henry,17,49464
Iroquois,17,28169
Jackson,17,58551
Jasper,17,9598
Jefferson,17,38169
Jersey,17,22069
Jo Daviess,17,21834
Johnson,17,12602
Kane,17,530839
Kankakee,17,111061
Kendall,17,124626
Knox,17,50999
Lake,17,703619
LaSalle,17,110401
Lawrence,17,16189
Lee,17,34527
Livingston,17,36324
Logan,17,29207
McDonough,17,30875
McHenry,17,307789
McLean,17,173219
Macon,17,106512
Macoupin,17,45719
Madison,17,265670
Marion,17,38084
Marshall,17,11794
Mason,17,13778
Massac,17,14430
Menard,17,12367
Mercer,17,15693
Monroe,17,33936
Montgomery,17,29009
Morgan,17,34426
Moultrie,17,14703
Ogle,17,51328
Peoria,17,184463
Perry,17,21384
Piatt,17,16427
Pike,17,15754
Pope,17,4249
Pulaski,17,5611
Putnam,17,5746
Randolph,17,32546
Richland,17,15881
Rock Island,17,145275
St. Clair,17,263463
Saline,17,24231
Sangamon,17,197661
Schuyler,17,7064
Scott,17,5047
Shelby,17,21832
Stark,17,5500
Stephenson,17,45433
Tazewell,17,133852
Union,17,17127
Vermilion,17,78407
Wabash,17,11573
Warren,17,17338
Washington,17,14155
Wayne,17,16487
White,17,14025
Whiteside,17,56396
Will,17,688697
Williamson,17,67299
Winnebago,17,286174
Woodford,17,38817
Adams,18,35195
Allen,18,370016
Bartholomew,18,81893
Benton,18,8667
Blackford,18,12129
Boone,18,64321
Brown,18,15034
Carroll,18,19994
Cass,18,38084
Clark,18,115702
Clay,18,26268
Clinton,18,32301
Crawford,18,10581
Daviess,18,32937
Dearborn,18,49501
Decatur,18,26552
DeKalb,18,42704
Delaware,18,115616
Dubois,18,42418
Elkhart,18,203604
Fayette,18,23259
Floyd,18,76809
Fountain,18,16486
Franklin,18,22842
Fulton,18,20212
Gibson,18,33596
Grant,18,66944
Greene,18,32295
Hamilton,18,316095
Hancock,18,73830
Harrison,18,39712
Hendricks,18,160940
Henry,18,48483
Howard,18,82387
Huntington,18,36378
Jackson,18,43938
Jasper,18,33449
Jay,18,20993
Jefferson,18,32237
Jennings,18,27727
Johnson,18,151564
Knox,18,37409
Kosciusko,18,78806
LaGrange,18,38942
Lake,18,486849
LaPorte,18,110552
Lawrence,18,45619
Madison,18,129505
Marion,18,944523
Marshall,18,46595
Martin,18,10210
Miami,18,35901
Monroe,18,145403
Montgomery,18,38276
Morgan,18,69727
Newton,18,14018
Noble,18,47451
Ohio,18,5887
Orange,18,19547
Owen,18,20878
Parke,18,16996
Perry,18,19141
Pike,18,12411
Porter,18,168041
Posey,18,25589
Pulaski,18,12660
Putnam,18,37559
Randolph,18,25076
Ripley,18,28425
Rush,18,16704
St. Joseph,18,269240
Scott,18,23743
Shelby,18,44399
Spencer,18,20526
Starke,18,22941
Steuben,18,34474
Sullivan,18,20792
Switzerland,18,10628
Tippecanoe,18,189294
Tipton,18,15218
Union,18,7153
Vanderburgh,18,181313
Vermillion,18,15560
Vigo,18,107693
Wabash,18,31631
Warren,18,8247
Warrick,18,61928
Washington,18,27827
Wayne,18,66613
Wells,18,27947
White,18,24217
Whitley,18,33649
Adair,19,7124
Adams,19,3726
Allamakee,19,13880
Appanoose,19,12510
Audubon,19,5637
Benton,19,25626
Black Hawk,19,133009
Boone,19,26399
Bremer,19,24782
Buchanan,19,21125
Buena Vista,19,20260
Butler,19,14735
Calhoun,19,9780
Carroll,19,20344
Cass,19,13191
Cedar,19,18445
Cerro Gordo,19,42984
Cherokee,19,11468
Chickasaw,19,12099
Clarke,19,9282
Clay,19,16313
Clayton,19,17672
Clinton,19,47218
Crawford,19,17132
Dallas,19,84002
Davis,19,8885
Decatur,19,8044
Delaware,19,17258
Des Moines,19,39600
Dickinson,19,17056
Dubuque,19,96802
Emmet,19,9551
Fayette,19,19929
Floyd,19,15858
Franklin,19,10245
Fremont,19,6968
Greene,19,9003
Grundy,19,12341
Guthrie,19,10674
Hamilton,19,15110
Hancock,19,10888
Hardin,19,17127
Harrison,19,14143
Henry,19,19926
Howard,19,9264
Humboldt,19,9566
Ida,19,6916
Iowa,19,16207
Jackson,19,19395
Jasper,19,36891
Jefferson,19,18077
Johnson,19,147001
Jones,19,20568
Keokuk,19,10200
Kossuth,19,15075
Lee,19,34541
Linn,19,222121
Louisa,19,11223
Lucas,19,8597
Lyon,19,11769
Madison,19,15890
Mahaska,19,22208
Marion,19,33207
Marshall,19,40271
Mills,19,14957
Mitchell,19,10631
Monona,19,8796
Monroe,19,7863
Montgomery,19,10155
Muscatine,19,42950
O'Brien,19,13911
Osceola,19,6115
Page,19,15363
Palo Alto,19,9055
Plymouth,19,25039
Pocahontas,19,6898
Polk,19,474274
Pottawattamie,19,93503
Poweshiek,19,18605
Ringgold,19,4984
Sac,19,9868
Scott,19,172288
Shelby,19,11694
Sioux,19,34825
Story,19,96922
Tama,19,17136
Taylor,19,6201
Union,19,12453
Van Buren,19,7223
Wapello,19,35315
Warren,19,49361
Washington,19,22143
Wayne,19,6413
Webster,19,36757
Winnebago,19,10571
Winneshiek,19,20401
Woodbury,19,102398
Worth,19,7489
Wright,19,12804
Allen,20,12630
Anderson,20,7852
Atchison,20,16363
Barber,20,4733
Barton,20,26791
Bourbon,20,14702
Brown,20,9664
Butler,20,66468
Chase,20,2645
Chautauqua,20,3367
Cherokee,20,20331
Cheyenne,20,2677
Clark,20,2053
Clay,20,8142
Cloud,20,9060
Coffey,20,8296
Comanche,20,1780
Cowley,20,35591
Crawford,20,39108
Decatur,20,2881
Dickinson,20,19004
Doniphan,20,7736
Douglas,20,119319
Edwards,20,2925
Elk,20,2562
Ellis,20,28878
Ellsworth,20,6293
Finney,20,36957
Ford,20,34484
Franklin,20,25563
Geary,20,34895
Gove,20,2619
Graham,20,2545
Grant,20,7616
Gray,20,6037
Greeley,20,1200
Greenwood,20,6156
Hamilton,20,2616
Harper,20,5673
Harvey,20,34555
Haskell,20,4047
Hodgeman,20,1842
Jackson,20,13318
Jefferson,20,18888
Jewell,20,2916
Johnson,20,585502
Kearny,20,3932
Kingman,20,7470
Kiowa,20,2526
Labette,20,20367
Lane,20,1642
Leavenworth,20,80042
Lincoln,20,3097
Linn,20,9635
Logan,20,2810
Lyon,20,33299
McPherson,20,28630
Marion,20,12032
Marshall,20,9798
Meade,20,4261
Miami,20,33127
Mitchell,20,6222
Montgomery,20,32970
Morris,20,5566
Morton,20,2838
Nemaha,20,10104
Neosho,20,16125
Ness,20,2955
Norton,20,5486
Osage,20,15882
Osborne,20,3603
Ottawa,20,5902
Pawnee,20,6709
Phillips,20,5408
Pottawatomie,20,23545
Pratt,20,9582
Rawlins,20,2509
Reno,20,63101
Republic,20,4686
Rice,20,9762
Riley,20,75296
Rooks,20,5118
Rush,20,3102
Russell,20,6977
Saline,20,54977
Scott,20,4949
Sedgwick,20,512064
Seward,20,22692
Shawnee,20,178284
Sheridan,20,2506
Sherman,20,5966
Smith,20,3663
Stafford,20,4214
Stanton,20,2063
Stevens,20,5686
Sumner,20,23208
Thomas,20,7824
Trego,20,2858
Wabaunsee,20,6888
Wallace,20,1575
Washington,20,5525
Wichita,20,2143
Wilson,20,8780
Woodson,20,3170
Wyandotte,20,164345
Adair,21,19241
Allen,21,20794
Anderson,21,22214
Ballard,21,8090
Barren,21,43680
Bath,21,12268
Bell,21,27188
Boone,21,129095
Bourbon,21,20144
Boyd,21,48091
Boyle,21,29913
Bracken,21,8306
Breathitt,21,13116
Breckinridge,21,20080
Bullitt,21,79466
Butler,21,12745
Caldwell,21,12727
Calloway,21,38776
Campbell,21,92267
Carlisle,21,4841
Carroll,21,10711
Carter,21,27290
Casey,21,15796
Christian,21,72263
Clark,21,35872
Clay,21,20621
Clinton,21,10211
Crittenden,21,9083
Cumberland,21,6713
Daviess,21,99937
Edmonson,21,12122
Elliott,21,7517
Estill,21,14313
Fayette,21,318734
Fleming,21,14479
Floyd,21,36926
Franklin,21,50296
Fulton,21,6210
Gallatin,21,8703
Garrard,21,17328
Grant,21,24915
Graves,21,37294
Grayson,21,26178
Green,21,11023
Greenup,21,35765
Hancock,21,8719
Hardin,21,108095
Harlan,21,27134
Harrison,21,18668
Hart,21,18627
Henderson,21,46137
Henry,21,15814
Hickman,21,4568
Hopkins,21,45664
Jackson,21,13373
Jefferson,21,767154
Jessamine,21,52422
Johnson,21,22843
Kenton,21,164688
Knott,21,15513
Knox,21,31467
Larue,21,14156
Laurel,21,60180
Lawrence,21,15783
Lee,21,6751
Leslie,21,10472
Letcher,21,22676
Lewis,21,13490
Lincoln,21,24458
Livingston,21,9263
Logan,21,26849
Lyon,21,8186
McCracken,21,65284
McCreary,21,17635
McLean,21,9331
Madison,21,89700
Magoffin,21,12666
Marion,21,19232
Marshall,21,31166
Martin,21,11919
Mason,21,17153
Meade,21,28326
Menifee,21,6405
Mercer,21,21516
Metcalfe,21,10004
Monroe,21,10634
Montgomery,21,27759
Morgan,21,13285
Muhlenberg,21,31081
Nelson,21,45388
Nicholas,21,7100
Ohio,21,24071
Oldham,21,65374
Owen,21,10741
Owsley,21,4463
Pendleton,21,14520
Perry,21,26917
Pike,21,60483
Powell,21,12321
Pulaski,21,64145
Robertson,21,2143
Rockcastle,21,16827
Rowan,21,24499
Russell,21,17760
Scott,21,53517
Shelby,21,46786
Simpson,21,18063
Spencer,21,18246
Taylor,21,25500
Todd,21,12350
Trigg,21,14344
Trimble,21,8637
Union,21,14802
Warren,21,126427
Washington,21,12019
Wayne,21,20609
Webster,21,13155
Whitley,21,36089
Wolfe,21,7223
Woodford,21,26097
Acadia,22,62568
Allen,22,25661
Ascension,22,121176
Assumption,22,22714
Avoyelles,22,40882
Beauregard,22,36769
Bienville,22,13668
Bossier,22,126131
Caddo,22,248361
Calcasieu,22,200182
Caldwell,22,9996
Cameron,22,6868
Catahoula,22,9893
Claiborne,22,16153
Concordia,22,20021
De Soto,22,27216
East Baton Rouge,22,444094
East Carroll,22,7225
East Feliciana,22,19499
Evangeline,22,33636
Franklin,22,20322
Grant,22,22348
Iberia,22,72691
Iberville,22,32956
Jackson,22,15926
Jefferson,22,435300
Jefferson Davis,22,31467
Lafayette,22,240091
Lafourche,22,98214
LaSalle,22,14949
Lincoln,22,47356
Livingston,22,138111
Madison,22,11472
Morehouse,22,25992
Natchitoches,22,38963
Orleans,22,389648
Ouachita,22,156075
Plaquemines,22,23373
Pointe Coupee,22,22158
Rapides,22,131546
Red River,22,8618
Richland,22,20474
Sabine,22,24088
St. Bernard,22,45694
St. Charles,22,52724
St. Helena,22,10411
St. James,22,21357
St. John the Baptist,22,43446
St. Landry,22,83449
St. Martin,22,53752
St. Mary,22,51734
St. Tammany,22,252093
Tangipahoa,22,130504
Tensas,22,4666
Terrebonne,22,112587
Union,22,22475
Vermilion,22,59867
Vernon,22,51007
Washington,22,46457
Webster,22,39631
West Baton Rouge,22,25860
West Carroll,22,11180
West Feliciana,22,15377
Winn,22,14494
Androscoggin,23,107444
Aroostook,23,68269
Cumberland,23,290944
Franklin,23,30019
Hancock,23,54541
Kennebec,23,121545
Knox,23,39823
Lincoln,23,34067
Oxford,23,57325
Penobscot,23,151748
Piscataquis,23,16887
Sagadahoc,23,35277
Somerset,23,50710
Waldo,23,39418
Washington,23,31694
York,23,203102
Allegany,24,71977
Anne Arundel,24,567696
Baltimore,24,827625
Calvert,24,91082
Caroline,24,32875
Carroll,24,167522
Cecil,24,102517
Charles,24,157671
Dorchester,24,32261
Frederick,24,248472
Garrett,24,29376
Harford,24,251025
Howard,24,315327
Kent,24,19593
Montgomery,24,1040133
Prince George's,24,906202
Queen Anne's,24,49355
St. Mary's,24,111531
Somerset,24,25737
Talbot,24,37211
Washington,24,149811
Wicomico,24,102172
Worcester,24,51564
Baltimore,24,614700
Barnstable,25,213690
Berkshire,25,127328
Bristol,25,558905
Dukes,25,17313
Essex,25,781024
Franklin,25,70935
Hampden,25,469116
Hampshire,25,161159
Middlesex,25,1595192
Nantucket,25,11101
Norfolk,25,698249
Plymouth,25,512135
Suffolk,25,791766
Worcester,25,822280
Alcona,26,10364
Alger,26,9194
Allegan,26,115250
Alpena,26,28612
Antrim,26,23177
Arenac,26,15165
Baraga,26,8507
Barry,26,60057
Bay,26,104786
Benzie,26,17552
Berrien,26,154807
Branch,26,43584
Calhoun,26,134473
Cass,26,51460
Charlevoix,26,26219
Cheboygan,26,25458
Chippewa,26,37834
Clare,26,30616
Clinton,26,77896
Crawford,26,13836
Delta,26,36190
Dickinson,26,25570
Eaton,26,109155
Emmet,26,33039
Genesee,26,409361
Gladwin,26,25289
Gogebic,26,15414
Grand Traverse,26,91746
Gratiot,26,41067
Hillsdale,26,45830
Houghton,26,36360
Huron,26,31543
Ingham,26,289564
Ionia,26,64176
Iosco,26,25247
Iron,26,11212
Isabella,26,70775
Jackson,26,158913
Kalamazoo,26,261573
Kalkaska,26,17463
Kent,26,643140
Keweenaw,26,2130
Lake,26,11763
Lapeer,26,88202
Leelanau,26,21639
Lenawee,26,98474
Livingston,26,188482
Luce,26,6364
Mackinac,26,10817
Macomb,26,868704
Manistee,26,24444
Marquette,26,66939
Mason,26,28884
Mecosta,26,43264
Menominee,26,23234
Midland,26,83389
Missaukee,26,15006
Monroe,26,149699
Montcalm,26,63209
Montmorency,26,9261
Muskegon,26,173043
Newaygo,26,48142
Oakland,26,1250843
Oceana,26,26417
Ogemaw,26,20928
Ontonagon,26,5968
Osceola,26,23232
Oscoda,26,8277
Otsego,26,24397
Ottawa,26,284034
Presque Isle,26,12797
Roscommon,26,23877
Saginaw,26,192778
St. Clair,26,159566
St. Joseph,26,60897
Sanilac,26,41376
Schoolcraft,26,8069
Shiawassee,26,68493
Tuscola,26,53250
Van Buren,26,75272
Washtenaw,26,365961
Wayne,26,1761382
Wexford,26,33111
Aitkin,27,15834
Anoka,27,347431
Becker,27,33773
Beltrami,27,46117
Benton,27,39779
Big Stone,27,5016
Blue Earth,27,66322
Brown,27,25211
Carlton,27,35540
Carver,27,100416
Cass,27,29022
Chippewa,27,12010
Chisago,27,54727
Clay,27,62801
Clearwater,27,8812
Cook,27,5311
Cottonwood,27,11372
Crow Wing,27,63855
Dakota,27,418201
Dodge,27,20582
Douglas,27,37203
Faribault,27,13896
Fillmore,27,20888
Freeborn,27,30526
Goodhue,27,46217
Grant,27,5938
Hennepin,27,1235478
Houston,27,18663
Hubbard,27,20862
Isanti,27,38974
Itasca,27,45203
Jackson,27,10047
Kanabec,27,16004
Kandiyohi,27,42658
Kittson,27,4337
Koochiching,27,12644
Lac qui Parle,27,6773
Lake,27,10569
Lake of the Woods,27,3809
Le Sueur,27,27983
Lincoln,27,5707
Lyon,27,25839
McLeod,27,35825
Mahnomen,27,5506
Marshall,27,9392
Martin,27,19964
Meeker,27,23079
Mille Lacs,27,25728
Morrison,27,32949
Mower,27,39602
Murray,27,8353
Nicollet,27,33783
Nobles,27,21839
Norman,27,6559
Olmsted,27,153065
Otter Tail,27,57992
Pennington,27,14184
Pine,27,29129
Pipestone,27,9185
Polk,27,31591
Pope,27,10980
Ramsey,27,541493
Red Lake,27,4008
Redwood,27,15331
Renville,27,14721
Rice,27,65765
Rock,27,9413
Roseau,27,15462
St. Louis,27,200080
Scott,27,143372
Sherburne,27,93231
Sibley,27,14912
Stearns,27,156819
Steele,27,36676
Stevens,27,9784
Swift,27,9411
Todd,27,24440
Traverse,27,3337
Wabasha,27,21500
Wadena,27,13646
Waseca,27,18809
Washington,27,253317
Watonwan,27,10973
Wilkin,27,6343
Winona,27,50847
Wright,27,132745
Yellow Medicine,27,9868
Adams,28,31547
Alcorn,28,37180
Amite,28,12468
Attala,28,18581
Benton,28,8253
Bolivar,28,32592
Calhoun,28,14571
Carroll,28,10129
Chickasaw,28,17279
Choctaw,28,8321
Claiborne,28,9120
Clarke,28,15928
Clay,28,19808
Coahoma,28,23802
Copiah,28,28721
Covington,28,19091
DeSoto,28,176132
Forrest,28,75517
Franklin,28,7757
George,28,23710
Greene,28,13714
Grenada,28,21278
Hancock,28,46653
Harrison,28,202626
Hinds,28,241774
Holmes,28,18075
Humphreys,28,8539
Issaquena,28,1328
Itawamba,28,23480
Jackson,28,142014
Jasper,28,16529
Jefferson,28,7346
Jefferson Davis,28,11495
Jones,28,68454
Kemper,28,10107
Lafayette,28,53459
Lamar,28,61223
Lauderdale,28,77323
Lawrence,28,12630
Leake,28,22870
Lee,28,84915
Leflore,28,29804
Lincoln,28,34432
Lowndes,28,59437
Madison,28,103498
Marion,28,25202
Marshall,28,35787
Monroe,28,35840
Montgomery,28,10198
Neshoba,28,29376
Newton,28,21524
Noxubee,28,10828
Oktibbeha,28,49481
Panola,28,34243
Pearl River,28,55149
Perry,28,12028
Pike,28,39737
Pontotoc,28,31315
Prentiss,28,25360
Quitman,28,7372
Rankin,28,151240
Scott,28,28415
Sharkey,28,4511
Simpson,28,27073
Smith,28,16063
Stone,28,18375
Sunflower,28,26532
Tallahatchie,28,14361
Tate,28,28493
Tippah,28,21990
Tishomingo,28,19478
Tunica,28,10170
Union,28,28356
Walthall,28,14601
Warren,28,47075
Washington,28,47086
Wayne,28,20422
Webster,28,9828
Wilkinson,28,8990
Winston,28,18358
Yalobusha,28,12421
Yazoo,28,27974
Adair,29,25325
Andrew,29,17403
Atchison,29,5270
Audrain,29,25735
Barry,29,35493
Barton,29,11850
Bates,29,16374
Benton,29,18989
Bollinger,29,12281
Boone,29,176515
Buchanan,29,89076
Butler,29,42733
Caldwell,29,9049
Callaway,29,44840
Camden,29,45096
Cape Girardeau,29,78324
Carroll,29,8843
Carter,29,6197
Cedar,29,13938
Chariton,29,7546
Christian,29,84275
Clark,29,6800
Clinton,29,20475
Cole,29,76740
Cooper,29,17622
Crawford,29,24280
Dade,29,7590
Dallas,29,16499
Daviess,29,8302
DeKalb,29,12564
Dent,29,15504
Douglas,29,13374
Dunklin,29,30428
Franklin,29,102781
Gasconade,29,14746
Gentry,29,6665
Greene,29,288429
Grundy,29,10039
Harrison,29,8554
Henry,29,21765
Hickory,29,9368
Holt,29,4456
Howard,29,10113
Howell,29,40102
Iron,29,10221
Jasper,29,119238
Jefferson,29,223302
Johnson,29,53689
Knox,29,3951
Laclede,29,35507
Lafayette,29,32589
Lawrence,29,38133
Lewis,29,10027
Lincoln,29,55563
Linn,29,12186
Livingston,29,15076
McDonald,29,22827
Macon,29,15254
Madison,29,12205
Maries,29,8884
Marion,29,28672
Mercer,29,3664
Miller,29,25049
Mississippi,29,13748
Moniteau,29,15958
Monroe,29,8654
Montgomery,29,11545
Morgan,29,20137
New Madrid,29,17811
Newton,29,58202
Nodaway,29,22547
Oregon,29,10699
Osage,29,13619
Ozark,29,9236
Pemiscot,29,17031
Perry,29,19146
Pettis,29,42371
Phelps,29,44789
Pike,29,18489
Polk,29,31549
Pulaski,29,52591
Putnam,29,4815
Ralls,29,10217
Randolph,29,24945
Ray,29,22825
Reynolds,29,6315
Ripley,29,13693
St. Charles,29,389985
St. Clair,29,9383
Ste. Genevieve,29,17871
St. Francois,29,66342
St. Louis,29,998684
Saline,29,23102
Schuyler,29,4502
Scotland,29,4898
Scott,29,38729
Shannon,29,8246
Shelby,29,6061
Stoddard,29,29512
Stone,29,31527
Sullivan,29,6317
Taney,29,54720
Texas,29,25671
Vernon,29,20691
Warren,29,33908
Washington,29,24931
Wayne,29,13308
Webster,29,38082
Worth,29,2040
Wright,29,18293
St. Louis,29,311273
Beaverhead,30,9393
Big Horn,30,13376
Blaine,30,6727
Broadwater,30,5834
Carbon,30,10546
Carter,30,1318
Cascade,30,81746
Chouteau,30,5789
Custer,30,11845
Daniels,30,1753
Dawson,30,9191
Deer Lodge,30,9100
Fallon,30,2838
Fergus,30,11273
Flathead,30,98082
Gallatin,30,104729
Garfield,30,1141
Glacier,30,13699
Golden Valley,30,724
Granite,30,3269
Hill,30,16439
Jefferson,30,11778
Judith Basin,30,1951
Lake,30,29774
Lewis and Clark,30,67077
Liberty,30,2280
Lincoln,30,19358
McCone,30,1630
Madison,30,8218
Meagher,30,1968
Mineral,30,4211
Missoula,30,115983
Musselshell,30,4807
Park,30,16246
Petroleum,30,432
Phillips,30,4124
Pondera,30,6044
Powder River,30,1619
Powell,30,6861
Prairie,30,1342
Ravalli,30,41902
Richland,30,11360
Roosevelt,30,11228
Rosebud,30,9250
Sanders,30,11521
Sheridan,30,3574
Silver Bow,30,34814
Stillwater,30,9410
Sweet Grass,30,3653
Teton,30,6080
Toole,30,4976
Treasure,30,777
Valley,30,7532
Wheatland,30,2149
Wibaux,30,1175
Yellowstone,30,157816
Adams,31,31583
Antelope,31,6372
Arthur,31,418
Banner,31,696
Blaine,31,480
Boone,31,5313
Box Butte,31,11089
Boyd,31,2042
Brown,31,2988
Buffalo,31,49030
Burt,31,6528
Butler,31,8067
Cass,31,25702
Cedar,31,8523
Chase,31,3734
Cherry,31,5790
Cheyenne,31,9852
Clay,31,6232
Colfax,31,10760
Cuming,31,8991
Custer,31,10830
Dakota,31,20317
Dawes,31,8896
Dawson,31,23804
Deuel,31,1894
Dixon,31,5746
Dodge,31,36683
Douglas,31,554992
Dundy,31,2023
Fillmore,31,5574
Franklin,31,3006
Frontier,31,2609
Furnas,31,4786
Gage,31,21595
Garden,31,1860
Garfield,31,1975
Gosper,31,2015
Grant,31,718
Greeley,31,2410
Hall,31,61343
Hamilton,31,9178
Harlan,31,3438
Hayes,31,943
Hitchcock,31,2843
Holt,31,10245
Hooker,31,691
Howard,31,6405
Jefferson,31,7188
Johnson,31,5197
Kearney,31,6552
Keith,31,8099
Keya Paha,31,792
Kimball,31,3667
Knox,31,8460
Lancaster,31,310094
Lincoln,31,35433
Logan,31,886
Loup,31,585
McPherson,31,454
Madison,31,35164
Merrick,31,7803
Morrill,31,4841
Nance,31,3554
Nemaha,31,7004
Nuckolls,31,4275
Otoe,31,15896
Pawnee,31,2676
Perkins,31,2907
Phelps,31,9120
Pierce,31,7157
Platte,31,33063
Polk,31,5255
Red Willow,31,10806
Richardson,31,8009
Rock,31,1350
Saline,31,14288
Sarpy,31,178351
Saunders,31,21024
Scotts Bluff,31,36255
Seward,31,17127
Sheridan,31,5234
Sherman,31,3042
Sioux,31,1266
Stanton,31,5992
Thayer,31,5098
Thomas,31,645
Thurston,31,7140
Valley,31,4224
Washington,31,20219
Wayne,31,9367
Webster,31,3571
Wheeler,31,822
York,31,13799
Churchill,32,24010
Clark,32,2141574
Douglas,32,47828
Elko,32,52252
Esmeralda,32,981
Eureka,32,1830
Humboldt,32,16904
Lander,32,5746
Lincoln,32,5174
Lyon,32,53155
Mineral,32,4448
Nye,32,43705
Pershing,32,6611
Storey,32,3941
Washoe,32,450486
White Pine,32,9737
Carson City,32,54467
Belknap,33,60640
Carroll,33,47840
Cheshire,33,76263
Coos,33,32038
Grafton,33,89811
Hillsborough,33,411087
Merrimack,33,149452
Rockingham,33,305129
Strafford,33,128237
Sullivan,33,43125
Atlantic,34,268539
Bergen,34,929999
Burlington,34,446367
Camden,34,507367
Cape May,34,93705
Cumberland,34,153400
Essex,34,793555
Gloucester,34,290852
Hudson,34,668631
Hunterdon,34,125051
Mercer,34,368762
Middlesex,34,826698
Monmouth,34,623387
Morris,34,494383
Ocean,34,591939
Passaic,34,504041
Salem,34,63336
Somerset,34,330176
Sussex,34,142298
Union,34,553066
Warren,34,106293
Bernalillo,35,677692
Catron,35,3539
Chaves,35,65459
Cibola,35,26978
Colfax,35,12353
Curry,35,50199
De Baca,35,2060
Do√±a Ana,35,215338
Eddy,35,57437
Grant,35,28061
Guadalupe,35,4382
Harding,35,459
Hidalgo,35,4371
Lea,35,70126
Lincoln,35,19482
Los Alamos,35,18356
Luna,35,24264
McKinley,35,72849
Mora,35,4563
Otero,35,65745
Quay,35,8373
Rio Arriba,35,39307
Roosevelt,35,19117
Sandoval,35,140769
San Juan,35,127455
San Miguel,35,28034
Santa Fe,35,148917
Sierra,35,11135
Socorro,35,17000
Taos,35,32888
Torrance,35,15595
Union,35,4175
Valencia,35,75956
Albany,36,307426
Allegany,36,47025
Broome,36,194402
Cattaraugus,36,77686
Cayuga,36,77868
Chautauqua,36,129656
Chemung,36,85740
Chenango,36,48348
Clinton,36,80794
Columbia,36,60919
Cortland,36,48123
Delaware,36,45502
Dutchess,36,293894
Erie,36,919866
Essex,36,37751
Franklin,36,50692
Fulton,36,53743
Genesee,36,58112
Greene,36,47617
Hamilton,36,4575
Herkimer,36,62505
Jefferson,36,114448
Lewis,36,26719
Livingston,36,63907
Madison,36,71359
Monroe,36,744248
Montgomery,36,49426
Nassau,36,1356564
Niagara,36,211704
Oneida,36,230782
Onondaga,36,464242
Ontario,36,109472
Orange,36,378227
Orleans,36,41175
Oswego,36,119104
Otsego,36,60244
Putnam,36,99070
Rensselaer,36,159431
Rockland,36,323686
St. Lawrence,36,109558
Saratoga,36,227377
Schenectady,36,154883
Schoharie,36,31364
Schuyler,36,17992
Seneca,36,34612
Steuben,36,96927
Suffolk,36,1487901
Sullivan,36,75211
Tioga,36,49045
Tompkins,36,102962
Ulster,36,179303
Warren,36,64480
Washington,36,61828
Wayne,36,90856
Westchester,36,968815
Wyoming,36,40565
Yates,36,25009
Alamance,37,160576
Alexander,37,37119
Alleghany,37,10973
Anson,37,25306
Ashe,37,26786
Avery,37,17501
Beaufort,37,47243
Bertie,37,19644
Bladen,37,33778
Brunswick,37,126860
Buncombe,37,254474
Burke,37,89712
Cabarrus,37,201448
Caldwell,37,81779
Camden,37,10447
Carteret,37,68920
Caswell,37,22746
Catawba,37,156729
Chatham,37,69791
Cherokee,37,27668
Chowan,37,14205
Clay,37,10813
Cleveland,37,97159
Columbus,37,56293
Craven,37,103082
Cumberland,37,332106
Currituck,37,25796
Dare,37,35741
Davidson,37,164664
Davie,37,41991
Duplin,37,59062
Durham,37,306457
Edgecombe,37,53332
Forsyth,37,371573
Franklin,37,64902
Gaston,37,216585
Gates,37,11563
Graham,37,8557
Granville,37,58874
Greene,37,21008
Guilford,37,523582
Halifax,37,51737
Harnett,37,130361
Haywood,37,60433
Henderson,37,113625
Hertford,37,24153
Hoke,37,53239
Hyde,37,5393
Iredell,37,172525
Jackson,37,42256
Johnston,37,191172
Jones,37,9695
Lee,37,60125
Lenoir,37,57227
Lincoln,37,81441
McDowell,37,45109
Macon,37,34410
Madison,37,21405
Martin,37,23054
Mecklenburg,37,1054314
Mitchell,37,15040
Montgomery,37,27338
Moore,37,95629
Nash,37,94003
New Hanover,37,224231
Northampton,37,20186
Onslow,37,193912
Orange,37,142938
Pamlico,37,12742
Pasquotank,37,39479
Pender,37,59020
Perquimans,37,13459
Person,37,39305
Pitt,37,177372
Polk,37,20458
Randolph,37,142958
Richmond,37,45189
Robeson,37,133442
Rockingham,37,91270
Rowan,37,139605
Rutherford,37,66532
Sampson,37,63561
Scotland,37,35262
Stanly,37,61114
Stokes,37,45905
Surry,37,72099
Swain,37,14254
Transylvania,37,33513
Tyrrell,37,4119
Union,37,226694
Vance,37,44482
Wake,37,1046558
Warren,37,20033
Washington,37,12156
Watauga,37,54117
Wayne,37,124002
Wilkes,37,68460
Wilson,37,81336
Yadkin,37,37665
Yancey,37,17667
Adams,38,2351
Barnes,38,10836
Benson,38,6886
Billings,38,946
Bottineau,38,6589
Bowman,38,3195
Burke,38,2213
Burleigh,38,93737
Cass,38,174202
Cavalier,38,3824
Dickey,38,4970
Divide,38,2369
Dunn,38,4387
Eddy,38,2313
Emmons,38,3352
Foster,38,3290
Golden Valley,38,1882
Grand Forks,38,70400
Grant,38,2380
Griggs,38,2266
Hettinger,38,2576
Kidder,38,2460
LaMoure,38,4100
Logan,38,1927
McHenry,38,5927
McIntosh,38,2654
McKenzie,38,12536
McLean,38,9608
Mercer,38,8570
Morton,38,30544
Mountrail,38,10152
Nelson,38,2920
Oliver,38,1837
Pembina,38,7016
Pierce,38,4210
Ramsey,38,11557
Ransom,38,5361
Renville,38,2495
Richland,38,16288
Rolette,38,14603
Sargent,38,3883
Sheridan,38,1405
Sioux,38,4413
Slope,38,704
Stark,38,30876
Steele,38,1910
Stutsman,38,21064
Towner,38,2246
Traill,38,8019
Walsh,38,10802
Ward,38,69034
Wells,38,4055
Williams,38,34061
Adams,39,27878
Allen,39,103642
Ashland,39,53477
Ashtabula,39,98136
Athens,39,65936
Auglaize,39,45784
Belmont,39,68472
Brown,39,43679
Butler,39,378294
Carroll,39,27578
Champaign,39,38864
Clark,39,135198
Clermont,39,203216
Clinton,39,41896
Columbiana,39,104003
Coshocton,39,36574
Crawford,39,42021
Cuyahoga,39,1253783
Darke,39,51734
Defiance,39,38279
Delaware,39,197008
Erie,39,75136
Fairfield,39,152910
Fayette,39,28645
Franklin,39,1275333
Fulton,39,42305
Gallia,39,30195
Geauga,39,93961
Greene,39,165811
Guernsey,39,39274
Hamilton,39,812037
Hancock,39,75690
Hardin,39,31542
Harrison,39,15307
Henry,39,27316
Highland,39,43007
Hocking,39,28495
Holmes,39,43859
Huron,39,58457
Jackson,39,32524
Jefferson,39,66886
Knox,39,61215
Lake,39,230052
Lawrence,39,60622
Licking,39,172293
Logan,39,45307
Lorain,39,306713
Lucas,39,432379
Madison,39,43988
Mahoning,39,231064
Marion,39,65344
Medina,39,177257
Meigs,39,23160
Mercer,39,40806
Miami,39,104800
Monroe,39,14090
Montgomery,39,532034
Morgan,39,14702
Morrow,39,34976
Muskingum,39,86076
Noble,39,14443
Ottawa,39,40709
Paulding,39,18872
Perry,39,35985
Pickaway,39,57420
Pike,39,28214
Portage,39,162644
Preble,39,41207
Putnam,39,33969
Richland,39,121324
Ross,39,77051
Sandusky,39,59299
Scioto,39,76377
Seneca,39,55475
Shelby,39,48797
Stark,39,373475
Summit,39,541810
Trumbull,39,201794
Tuscarawas,39,92526
Union,39,55654
Van Wert,39,28281
Vinton,39,13111
Warren,39,226564
Washington,39,60671
Wayne,39,116208
Williams,39,36936
Wood,39,129936
Wyandot,39,22107
Adair,40,22113
Alfalfa,40,5857
Atoka,40,13874
Beaver,40,5415
Beckham,40,22621
Blaine,40,9634
Bryan,40,45759
Caddo,40,29342
Canadian,40,136710
Carter,40,48406
Cherokee,40,48599
Choctaw,40,14886
Cimarron,40,2189
Cleveland,40,276733
Coal,40,5618
Comanche,40,122561
Cotton,40,5929
Craig,40,14493
Creek,40,71160
Custer,40,29209
Delaware,40,42112
Dewey,40,4918
Ellis,40,4072
Garfield,40,62190
Garvin,40,27823
Grady,40,54733
Grant,40,4418
Greer,40,5943
Harmon,40,2721
Harper,40,3847
Haskell,40,12704
Hughes,40,13460
Jackson,40,25384
Jefferson,40,6223
Johnston,40,11041
Kay,40,44880
Kingfisher,40,15618
Kiowa,40,9001
Latimer,40,10495
Le Flore,40,49909
Lincoln,40,34854
Logan,40,46044
Love,40,9933
McClain,40,38634
McCurtain,40,32966
McIntosh,40,19819
Major,40,7718
Marshall,40,16376
Mayes,40,40980
Murray,40,13875
Muskogee,40,69084
Noble,40,11411
Nowata,40,10383
Okfuskee,40,12115
Oklahoma,40,782051
Okmulgee,40,38889
Osage,40,47311
Ottawa,40,31566
Pawnee,40,16428
Payne,40,81512
Pittsburg,40,44382
Pontotoc,40,38358
Pottawatomie,40,72000
Pushmataha,40,11119
Roger Mills,40,3708
Rogers,40,90814
Seminole,40,25071
Sequoyah,40,41359
Stephens,40,43983
Texas,40,21121
Tillman,40,7515
Tulsa,40,642781
Wagoner,40,77850
Washington,40,52001
Washita,40,11432
Woods,40,9127
Woodward,40,20967
Baker,41,15984
Benton,41,89780
Clackamas,41,405788
Clatsop,41,38562
Columbia,41,50851
Coos,41,63308
Crook,41,22337
Curry,41,22507
Deschutes,41,180640
Douglas,41,108323
Gilliam,41,1907
Grant,41,7183
Harney,41,7228
Hood River,41,23131
Jackson,41,214267
Jefferson,41,23143
Josephine,41,85481
Klamath,41,66310
Lake,41,7843
Lane,41,368882
Lincoln,41,47881
Linn,41,122870
Malheur,41,30431
Marion,41,335553
Morrow,41,11215
Multnomah,41,798647
Polk,41,81427
Sherman,41,1605
Tillamook,41,26076
Umatilla,41,76898
Union,41,26028
Wallowa,41,6924
Wasco,41,25866
Washington,41,581821
Wheeler,41,1426
Yamhill,41,103820
Adams,42,102023
Allegheny,42,1225561
Armstrong,42,66331
Beaver,42,166896
Bedford,42,48611
Berks,42,416642
Blair,42,123842
Bradford,42,61304
Bucks,42,626370
Butler,42,186566
Cambria,42,134550
Cameron,42,4686
Carbon,42,63931
Centre,42,161443
Chester,42,517156
Clarion,42,38827
Clearfield,42,80216
Clinton,42,39074
Columbia,42,66220
Crawford,42,86164
Cumberland,42,247433
Dauphin,42,274515
Delaware,42,563527
Elk,42,30608
Erie,42,275972
Fayette,42,132289
Forest,42,7351
Franklin,42,153751
Fulton,42,14506
Greene,42,37144
Huntingdon,42,45421
Indiana,42,85755
Jefferson,42,44084
Juniata,42,24562
Lackawanna,42,211454
Lancaster,42,538347
Lawrence,42,87382
Lebanon,42,138674
Lehigh,42,362613
Luzerne,42,317884
Lycoming,42,114859
McKean,42,41806
Mercer,42,112630
Mifflin,42,46362
Monroe,42,167586
Montgomery,42,821301
Montour,42,18294
Northampton,42,301778
Northumberland,42,92325
Perry,42,45924
Philadelphia,42,1575522
Pike,42,55498
Potter,42,16937
Schuylkill,42,143555
Snyder,42,40466
Somerset,42,74949
Sullivan,42,6177
Susquehanna,42,41340
Tioga,42,41226
Union,42,45114
Venango,42,52376
Warren,42,40035
Washington,42,207547
Wayne,42,51536
Westmoreland,42,354751
Wyoming,42,27588
York,42,444014
Bristol,44,48900
Kent,44,163861
Newport,44,83075
Providence,44,634533
Washington,44,126242
Abbeville,45,24657
Aiken,45,166926
Allendale,45,9214
Anderson,45,195995
Bamberg,45,14600
Barnwell,45,21577
Beaufort,45,182658
Berkeley,45,209065
Calhoun,45,14713
Charleston,45,394708
Cherokee,45,56711
Chester,45,32326
Chesterfield,45,46024
Clarendon,45,34017
Colleton,45,37568
Darlington,45,67253
Dillon,45,30871
Dorchester,45,155474
Edgefield,45,26769
Fairfield,45,22712
Florence,45,138561
Georgetown,45,61605
Greenville,45,498402
Greenwood,45,70264
Hampton,45,19807
Horry,45,320915
Jasper,45,27900
Kershaw,45,64361
Lancaster,45,89546
Laurens,45,66710
Lee,45,17606
Lexington,45,286316
McCormick,45,9606
Marion,45,31562
Marlboro,45,27131
Newberry,45,38068
Oconee,45,76696
Orangeburg,45,88454
Pickens,45,122746
Richland,45,408263
Saluda,45,20299
Spartanburg,45,302195
Sumter,45,106995
Union,45,27644
Williamsburg,45,31794
York,45,258641
Aurora,46,2759
Beadle,46,18374
Bennett,46,3437
Bon Homme,46,6969
Brookings,46,34239
Brown,46,38840
Brule,46,5256
Buffalo,46,2053
Butte,46,10177
Campbell,46,1435
Charles Mix,46,9344
Clark,46,3673
Clay,46,13925
Codington,46,27993
Corson,46,4168
Custer,46,8573
Davison,46,19901
Day,46,5506
Deuel,46,4306
Dewey,46,5779
Douglas,46,2930
Edmunds,46,3940
Fall River,46,6774
Faulk,46,2322
Grant,46,7217
Gregory,46,4201
Haakon,46,2082
Hamlin,46,6000
Hand,46,3301
Hanson,46,3397
Harding,46,1311
Hughes,46,17617
Hutchinson,46,7315
Hyde,46,1331
Jackson,46,3287
Jerauld,46,2029
Jones,46,735
Kingsbury,46,4967
Lake,46,12574
Lawrence,46,25234
Lincoln,46,54914
Lyman,46,3869
McCook,46,5511
McPherson,46,2364
Marshall,46,4895
Meade,46,27424
Mellette,46,2055
Miner,46,2229
Minnehaha,46,186749
Moody,46,6506
Oglala Lakota,46,14335
Pennington,46,109294
Perkins,46,2907
Potter,46,2326
Roberts,46,10285
Sanborn,46,2388
Spink,46,6543
Stanley,46,2997
Sully,46,1331
Todd,46,10146
Tripp,46,5468
Turner,46,8264
Union,46,15177
Walworth,46,5510
Yankton,46,22717
Ziebach,46,2814
Anderson,47,75775
Bedford,47,47558
Benton,47,16112
Bledsoe,47,14602
Blount,47,128443
Bradley,47,104557
Campbell,47,39687
Cannon,47,13976
Carroll,47,28018
Carter,47,56391
Cheatham,47,39929
Chester,47,17150
Claiborne,47,31613
Clay,47,7686
Cocke,47,35336
Coffee,47,54531
Crockett,47,14499
Cumberland,47,58634
Davidson,47,684017
Decatur,47,11683
DeKalb,47,19601
Dickson,47,51988
Dyer,47,37576
Fayette,47,39692
Fentress,47,17994
Franklin,47,41512
Gibson,47,49175
Giles,47,29167
Grainger,47,23013
Greene,47,68669
Grundy,47,13331
Hamblen,47,63740
Hamilton,47,357546
Hancock,47,6585
Hardeman,47,25562
Hardin,47,25771
Hawkins,47,56402
Haywood,47,17779
Henderson,47,27859
Henry,47,32279
Hickman,47,24678
Houston,47,8176
Humphreys,47,18318
Jackson,47,11615
Jefferson,47,53247
Johnson,47,17789
Knox,47,456185
Lake,47,7526
Lauderdale,47,26297
Lawrence,47,42937
Lewis,47,11956
Lincoln,47,33711
Loudon,47,51610
McMinn,47,52773
McNairy,47,25903
Macon,47,23487
Madison,47,97682
Marion,47,28417
Marshall,47,32269
Maury,47,89776
Meigs,47,11962
Monroe,47,45876
Montgomery,47,196387
Moore,47,6322
Morgan,47,21596
Obion,47,30520
Overton,47,22004
Perry,47,7912
Pickett,47,5088
Polk,47,16782
Putnam,47,76440
Rhea,47,32628
Roane,47,52897
Robertson,47,69344
Rutherford,47,307128
Scott,47,21954
Sequatchie,47,14730
Sevier,47,96287
Shelby,47,937005
Smith,47,19458
Stewart,47,13301
Sullivan,47,156734
Sumner,47,179473
Tipton,47,61446
Trousdale,47,9573
Unicoi,47,17780
Union,47,19293
Van Buren,47,5704
Warren,47,40454
Washington,47,127055
Wayne,47,16649
Weakley,47,33626
White,47,26580
Williamson,47,218648
Wilson,47,132663
Anderson,48,57863
Andrews,48,17818
Angelina,48,87607
Aransas,48,24763
Archer,48,8789
Armstrong,48,1916
Atascosa,48,48828
Austin,48,29565
Bailey,48,7092
Bandera,48,21763
Bastrop,48,82577
Baylor,48,3591
Bee,48,32691
Bell,48,342236
Bexar,48,1925865
Blanco,48,11279
Borden,48,665
Bosque,48,18122
Bowie,48,93858
Brazoria,48,353999
Brazos,48,219193
Brewster,48,9216
Briscoe,48,1546
Brooks,48,7180
Brown,48,37834
Burleson,48,17863
Burnet,48,45750
Caldwell,48,41401
Calhoun,48,21807
Callahan,48,13770
Cameron,48,421750
Camp,48,12813
Carson,48,6032
Cass,48,30087
Castro,48,7787
Chambers,48,40292
Cherokee,48,51903
Childress,48,7226
Clay,48,10387
Cochran,48,2904
Coke,48,3275
Coleman,48,8391
Collin,48,944350
Collingsworth,48,2996
Colorado,48,21022
Comal,48,135097
Comanche,48,13495
Concho,48,4233
Cooke,48,39571
Coryell,48,75389
Cottle,48,1623
Crane,48,4839
Crockett,48,3633
Crosby,48,5861
Culberson,48,2241
Dallam,48,7243
Dallas,48,2586552
Dawson,48,12964
Deaf Smith,48,18899
Delta,48,5215
Denton,48,807047
DeWitt,48,20435
Dickens,48,2216
Dimmit,48,10663
Donley,48,3387
Duval,48,11355
Eastland,48,18270
Ector,48,158342
Edwards,48,2055
Ellis,48,168838
El Paso,48,837654
Erath,48,41482
Falls,48,17299
Fannin,48,34175
Fayette,48,25066
Fisher,48,3883
Floyd,48,5872
Foard,48,1408
Fort Bend,48,739342
Franklin,48,10679
Freestone,48,19709
Frio,48,19394
Gaines,48,20321
Galveston,48,327089
Garza,48,6288
Gillespie,48,26208
Glasscock,48,1430
Goliad,48,7531
Gonzales,48,20667
Gray,48,22685
Grayson,48,128560
Gregg,48,123494
Grimes,48,27630
Guadalupe,48,155137
Hale,48,34113
Hall,48,3074
Hamilton,48,8269
Hansford,48,5547
Hardeman,48,3952
Hardin,48,56379
Harris,48,4602523
Harrison,48,66645
Hartley,48,5767
Haskell,48,5809
Hays,48,204150
Hemphill,48,4061
Henderson,48,80460
Hidalgo,48,849389
Hill,48,35399
Hockley,48,23162
Hood,48,56901
Hopkins,48,36240
Houston,48,22955
Howard,48,36667
Hudspeth,48,4098
Hunt,48,92152
Hutchinson,48,21571
Irion,48,1524
Jack,48,8842
Jackson,48,14820
Jasper,48,35504
Jeff Davis,48,2234
Jefferson,48,255210
Jim Hogg,48,5282
Jim Wells,48,41192
Johnson,48,163475
Jones,48,19891
Karnes,48,15387
Kaufman,48,118910
Kendall,48,41982
Kenedy,48,595
Kent,48,749
Kerr,48,51365
Kimble,48,4408
King,48,228
Kinney,48,3675
Kleberg,48,31425
Knox,48,3733
Lamar,48,49532
Lamb,48,13262
Lampasas,48,20640
La Salle,48,7409
Lavaca,48,19941
Lee,48,16952
Leon,48,17098
Liberty,48,81862
Limestone,48,23515
Lipscomb,48,3469
Live Oak,48,12123
Llano,48,20640
Loving,48,102
Lubbock,48,301454
Lynn,48,5808
McCulloch,48,8098
McLennan,48,248429
McMullen,48,662
Madison,48,14128
Marion,48,10083
Martin,48,5614
Mason,48,4161
Matagorda,48,36743
Maverick,48,57970
Medina,48,49334
Menard,48,2123
Midland,48,164194
Milam,48,24664
Mills,48,4902
Mitchell,48,8558
Montague,48,19409
Montgomery,48,554445
Moore,48,21801
Morris,48,12424
Motley,48,1156
Nacogdoches,48,65558
Navarro,48,48583
Newton,48,14057
Nolan,48,14966
Nueces,48,360486
Ochiltree,48,10348
Oldham,48,2090
Orange,48,84047
Palo Pinto,48,28317
Panola,48,23440
Parker,48,129802
Parmer,48,9852
Pecos,48,15797
Polk,48,47837
Potter,48,120899
Presidio,48,7123
Rains,48,11473
Randall,48,132475
Reagan,48,3752
Real,48,3389
Red River,48,12275
Reeves,48,15125
Refugio,48,7236
Roberts,48,885
Robertson,48,16890
Rockwall,48,93642
Runnels,48,10310
Rusk,48,53595
Sabine,48,10458
San Augustine,48,8327
San Jacinto,48,27819
San Patricio,48,67046
San Saba,48,5962
Schleicher,48,3061
Scurry,48,17239
Shackelford,48,3311
Shelby,48,25478
Sherman,48,3058
Smith,48,225015
Somervell,48,8743
Starr,48,63894
Stephens,48,9372
Sterling,48,1141
Stonewall,48,1385
Sutton,48,3865
Swisher,48,7484
Tarrant,48,2019977
Taylor,48,136348
Terrell,48,862
Terry,48,12615
Throckmorton,48,1567
Titus,48,32730
Tom Green,48,117466
Travis,48,1203166
Trinity,48,14569
Tyler,48,21496
Upshur,48,40769
Upton,48,3634
Uvalde,48,27009
Val Verde,48,49027
Van Zandt,48,54368
Victoria,48,91970
Walker,48,71539
Waller,48,49987
Ward,48,11586
Washington,48,34796
Webb,48,272053
Wharton,48,41551
Wheeler,48,5482
Wichita,48,131818
Wilbarger,48,12906
Willacy,48,21754
Williamson,48,527057
Wilson,48,48198
Winkler,48,7802
Wise,48,64639
Wood,48,43815
Yoakum,48,8571
Young,48,18114
Zapata,48,14369
Zavala,48,12131
Beaver,49,6443
Box Elder,49,53001
Cache,49,122336
Carbon,49,20356
Daggett,49,612
Davis,49,340621
Duchesne,49,20219
Emery,49,10248
Garfield,49,5017
Grand,49,9616
Iron,49,49691
Juab,49,10948
Kane,49,7350
Millard,49,12733
Morgan,49,11391
Piute,49,1904
Rich,49,2350
Salt Lake,49,1120805
San Juan,49,15281
Sanpete,49,29366
Sevier,49,21118
Summit,49,40511
Tooele,49,65185
Uintah,49,36323
Utah,49,590440
Wasatch,49,30523
Washington,49,160537
Wayne,49,2694
Weber,49,247731
Addison,50,36939
Bennington,50,35920
Caledonia,50,30425
Chittenden,50,162052
Essex,50,6208
Franklin,50,49025
Grand Isle,50,6965
Lamoille,50,25268
Orange,50,28937
Orleans,50,26911
Rutland,50,59273
Washington,50,58477
Windham,50,43150
Windsor,50,55427
Accomack,51,32742
Albemarle,51,106355
Alleghany,51,15286
Amelia,51,12854
Amherst,51,31882
Appomattox,51,15577
Arlington,51,231803
Augusta,51,74701
Bath,51,4393
Bedford,51,77908
Bland,51,6447
Botetourt,51,33222
Brunswick,51,16665
Buchanan,51,22138
Buckingham,51,17004
Campbell,51,55170
Caroline,51,30184
Carroll,51,29738
Charles City,51,6995
Charlotte,51,12095
Chesterfield,51,339447
Clarke,51,14365
Craig,51,5113
Culpeper,51,50450
Cumberland,51,9786
Dickenson,51,14960
Dinwiddie,51,28308
Essex,51,11036
Fairfax,51,1143529
Fauquier,51,69115
Floyd,51,15666
Fluvanna,51,26282
Franklin,51,56233
Frederick,51,85153
Giles,51,16814
Gloucester,51,37161
Goochland,51,22482
Grayson,51,15811
Greene,51,19410
Greensville,51,11659
Halifax,51,34779
Hanover,51,104449
Henrico,51,325642
Henry,51,51588
Highland,51,2214
Isle of Wight,51,36372
James City,51,74153
King and Queen,51,7052
King George,51,25890
King William,51,16497
Lancaster,51,10804
Lee,51,24134
Loudoun,51,385143
Louisa,51,35380
Lunenburg,51,12278
Madison,51,13139
Mathews,51,8796
Mecklenburg,51,30847
Middlesex,51,10700
Montgomery,51,97997
Nelson,51,14812
New Kent,51,21103
Northampton,51,11957
Northumberland,51,12223
Nottoway,51,15500
Orange,51,35612
Page,51,23749
Patrick,51,17859
Pittsylvania,51,61676
Powhatan,51,28574
Prince Edward,51,22956
Prince George,51,37894
Prince William,51,456749
Pulaski,51,34234
Rappahannock,51,7332
Richmond,51,8878
Roanoke,51,93583
Rockbridge,51,22509
Rockingham,51,79444
Russell,51,27408
Scott,51,22009
Shenandoah,51,43045
Smyth,51,31059
Southampton,51,17939
Spotsylvania,51,131412
Stafford,51,144012
Surry,51,6600
Sussex,51,11486
Tazewell,51,42080
Warren,51,39449
Washington,51,54406
Westmoreland,51,17638
Wise,51,39025
Wythe,51,28940
York,51,67587
Alexandria,51,156505
Bristol,51,16843
Buena Vista,51,6399
Charlottesville,51,47042
Chesapeake,51,237820
Colonial Heights,51,17593
Covington,51,5582
Danville,51,41512
Emporia,51,5381
Fairfax,51,23865
Falls Church,51,14067
Franklin,51,8211
Fredericksburg,51,28469
Galax,51,6638
Hampton,51,135583
Harrisonburg,51,53391
Hopewell,51,22408
Lexington,51,7110
Lynchburg,51,80131
Manassas,51,41457
Manassas Park,51,16423
Martinsville,51,13101
Newport News,51,180145
Norfolk,51,245592
Norton,51,3990
Petersburg,51,31827
Poquoson,51,12039
Portsmouth,51,95311
Radford,51,17630
Richmond,51,223787
Roanoke,51,99621
Salem,51,25519
Staunton,51,24452
Suffolk,51,89160
Virginia Beach,51,450135
Waynesboro,51,21926
Williamsburg,51,14788
Winchester,51,27789
Adams,53,19452
Asotin,53,22337
Benton,53,194168
Chelan,53,75757
Clallam,53,74487
Clark,53,465384
Columbia,53,4001
Cowlitz,53,105112
Douglas,53,41371
Ferry,53,7576
Franklin,53,90660
Garfield,53,2224
Grant,53,94860
Grays Harbor,53,71967
Island,53,81636
Jefferson,53,30856
King,53,2163257
Kitsap,53,262475
Kittitas,53,44825
Klickitat,53,21396
Lewis,53,76947
Lincoln,53,10435
Mason,53,62627
Okanogan,53,41638
Pacific,53,21281
Pend Oreille,53,13219
Pierce,53,859840
San Juan,53,16473
Skagit,53,123907
Skamania,53,11620
Snohomish,53,786620
Spokane,53,497875
Stevens,53,44214
Thurston,53,274684
Wahkiakum,53,4189
Walla Walla,53,60236
Whatcom,53,216812
Whitman,53,48593
Yakima,53,249325
Barbour,54,16730
Berkeley,54,113495
Boone,54,22817
Braxton,54,14282
Brooke,54,22772
Cabell,54,95318
Calhoun,54,7396
Clay,54,8785
Doddridge,54,8536
Fayette,54,44126
Gilmer,54,8205
Grant,54,11641
Greenbrier,54,35347
Hampshire,54,23363
Hancock,54,29680
Hardy,54,13842
Harrison,54,68209
Jackson,54,29018
Jefferson,54,56179
Kanawha,54,185710
Lewis,54,16276
Lincoln,54,21078
Logan,54,33801
McDowell,54,19217
Marion,54,56497
Marshall,54,31645
Mason,54,26939
Mercer,54,60486
Mineral,54,27278
Mingo,54,24741
Monongalia,54,105252
Monroe,54,13467
Morgan,54,17624
Nicholas,54,25324
Ohio,54,42547
Pendleton,54,7056
Pleasants,54,7507
Pocahontas,54,8531
Preston,54,33837
Putnam,54,56652
Raleigh,54,76232
Randolph,54,29065
Ritchie,54,9932
Roane,54,14205
Summers,54,13018
Taylor,54,16951
Tucker,54,7027
Tyler,54,8909
Upshur,54,24605
Wayne,54,40708
Webster,54,8518
Wetzel,54,15614
Wirt,54,5797
Wood,54,85556
Wyoming,54,21711
Adams,55,20073
Ashland,55,15712
Barron,55,45252
Bayfield,55,14992
Brown,55,259786
Buffalo,55,13167
Burnett,55,15258
Calumet,55,49807
Chippewa,55,63635
Clark,55,34491
Columbia,55,56954
Crawford,55,16288
Dane,55,529843
Dodge,55,87776
Door,55,27439
Douglas,55,43402
Dunn,55,44498
Eau Claire,55,102991
Florence,55,4337
Fond du Lac,55,102315
Forest,55,9018
Grant,55,51828
Green,55,36864
Green Lake,55,18757
Iowa,55,23620
Iron,55,5715
Jackson,55,20506
Jefferson,55,84652
Juneau,55,26419
Kenosha,55,168330
Kewaunee,55,20360
La Crosse,55,117850
Lafayette,55,16735
Langlade,55,19164
Lincoln,55,27848
Manitowoc,55,79407
Marathon,55,135264
Marinette,55,40537
Marquette,55,15207
Menominee,55,4579
Milwaukee,55,954209
Monroe,55,45502
Oconto,55,37556
Oneida,55,35345
Outagamie,55,184754
Ozaukee,55,88284
Pepin,55,7262
Pierce,55,41603
Polk,55,43349
Portage,55,70599
Price,55,13490
Racine,55,195398
Richland,55,17539
Rock,55,161769
Rusk,55,14183
St. Croix,55,87917
Sauk,55,63596
Sawyer,55,16370
Shawano,55,41009
Sheboygan,55,115205
Taylor,55,20356
Trempealeau,55,29438
Vernon,55,30516
Vilas,55,21593
Walworth,55,103013
Washburn,55,15689
Washington,55,134535
Waukesha,55,398879
Waupaca,55,51444
Waushara,55,24116
Winnebago,55,169926
Wood,55,73274
Albany,56,38102
Big Horn,56,11901
Campbell,56,47708
Carbon,56,15477
Converse,56,13997
Crook,56,7410
Fremont,56,40076
Goshen,56,13438
Hot Springs,56,4680
Johnson,56,8515
Laramie,56,97692
Lincoln,56,19011
Natrona,56,80610
Niobrara,56,2448
Park,56,29121
Platte,56,8673
Sheridan,56,30012
Sublette,56,9951
Sweetwater,56,44117
Teton,56,23059
Uinta,56,20609
Washakie,56,8129
Weston,56,7100
Adjuntas Municipio,72,18181
Aguada Municipio,72,38643
Aguadilla Municipio,72,54166
Aguas Buenas Municipio,72,26275
Aibonito Municipio,72,23457
AÔøΩasco Municipio,72,27368
Arecibo Municipio,72,87242
Arroyo Municipio,72,18111
Barceloneta Municipio,72,24299
Barranquitas Municipio,72,28755
BayamÔøΩn Municipio,72,182955
Cabo Rojo Municipio,72,49005
Caguas Municipio,72,131363
Camuy Municipio,72,32222
CanÔøΩvanas Municipio,72,46108
Carolina Municipio,72,157453
CataÔøΩo Municipio,72,24888
Cayey Municipio,72,44530
Ceiba Municipio,72,11853
Ciales Municipio,72,16912
Cidra Municipio,72,40343
Coamo Municipio,72,39265
ComerÔøΩo Municipio,72,19539
Corozal Municipio,72,34165
Culebra Municipio,72,1314
Dorado Municipio,72,37208
Fajardo Municipio,72,32001
Florida Municipio,72,11910
GuÔøΩnica Municipio,72,16783
Guayama Municipio,72,41706
Guayanilla Municipio,72,19008
Guaynabo Municipio,72,88663
Gurabo Municipio,72,46894
Hatillo Municipio,72,40390
Hormigueros Municipio,72,16180
Humacao Municipio,72,53466
Isabela Municipio,72,42420
Jayuya Municipio,72,14906
Juana DÔøΩaz Municipio,72,46960
Juncos Municipio,72,39128
Lajas Municipio,72,23315
Lares Municipio,72,26451
Las MarÔøΩas Municipio,72,8599
Las Piedras Municipio,72,37768
LoÔøΩza Municipio,72,26463
Luquillo Municipio,72,18547
ManatÔøΩ Municipio,72,39692
Maricao Municipio,72,6202
Maunabo Municipio,72,11023
MayagÔøΩez Municipio,72,77255
Moca Municipio,72,36872
Morovis Municipio,72,31320
Naguabo Municipio,72,26266
Naranjito Municipio,72,28557
Orocovis Municipio,72,21407
Patillas Municipio,72,17334
PeÔøΩuelas Municipio,72,20984
Ponce Municipio,72,143926
Quebradillas Municipio,72,24036
RincÔøΩn Municipio,72,14269
RÔøΩo Grande Municipio,72,50550
Sabana Grande Municipio,72,23054
Salinas Municipio,72,28633
San GermÔøΩn Municipio,72,32114
San Juan Municipio,72,344606
San Lorenzo Municipio,72,37873
San SebastiÔøΩn Municipio,72,37964
Santa Isabel Municipio,72,22066
Toa Alta Municipio,72,73405
Toa Baja Municipio,72,79726
Trujillo Alto Municipio,72,67780
Utuado Municipio,72,29402
Vega Alta Municipio,72,37724
Vega Baja Municipio,72,53371
Vieques Municipio,72,8771
Villalba Municipio,72,22993
Yabucoa Municipio,72,34149
Yauco Municipio,72,36439
New York City,36,8443713
Kansas City Combo,29,1132669
